code,name,vendor_code,color,price,stock,sizes
А20,"Трусики еротичні ""Лілія"", різні кольори. Код: А20",,різні кольори,210,3,рожевий
А69,"Эротический набор бордо, S, M, L, XL. Код: А69",#27/13,бордо,699,1,L/XL бордо
А166,"Сексуальний комплект с вишивкою, S. Код: А166",,мікс кольорів,980,1,S
А170,"Еротичний комплект кольору ізумруд, L. Код: А170",,зелений,700,1,L
А183,Еротичний комплект в сітку. Код: А183,"#9046-1, 9046-2","чорний, червоний",350,2,чорний
А195,Червоні еротичні колготки з доступом. Код: А195,#5024,червоний,250,1,червоний
А206,Боді сітка на тіло. Код: А206090,#8836,чорний,320,1,чорний
А206,Боді на тіло. Код: А206306,#W306,чорний,320,1,чорний
А206,Боді на тіло еротичне. Код: А206829,#W829,чорний,320,1,чорний
А208,Трусики еротичні з доступом. Код: А208,"#6030-1,6030-4",рожевий,100,1,рожевий
А212,Комплект еротичний. Код: А212,"#3030-1, 3030-2",червоний,520,1,червоний
А213,"Комплект еротичний, L. Код: А213","#1718-2, 1718-3",червоний,390,1,L червоний
А214,Еротичні трусики з бусинами. Код: А214,"#3991-1, 3991-2","чорний, червоний",180,2,чорний
А217,Чоловічі стрінги з вирізом. Код: А217,"#1206-4, 1206-6","чорний, червоний",85,2,чорний
K104,Панчохи еротичні. Код: К104,#2127,чорний,250,1,чорний
K106,Панчохи еротичні. Код: К106,#2078,чорно-червоний,300,1,чорно-червоний
K109,Панчохи еротичні. Код: К109,#2025,білий,250,1,білий
K110,Панчохи еротичні. Код: К110,#2014,червоний,290,1,червоний
K114,Панчохи еротичні. Код: К114,#2154,чорний,340,1,чорний
K115,Панчохи еротичні. Код: К115,#2115,чорний,270,1,чорний
K116,Панчохи еротичні. Код: К116,#2132,"чорний, червоний",360,2,чорний
K117,Панчохи еротичні. Код: К117,#2015,чорно-червоний,290,1,чорно-червоний
K124,Панчохи еротичні. Код: К124,#2072,"чорний, червоний",360,2,чорний
K125,Панчохи еротичні. Код: К125,#4185,чорний,320,1,чорний
А156,"Настільна гра ""Ти + Я"" для двох 18+. Код: А156",,,420,1,1 шт
А158,Мотузка для BDSM ігор 10 метрів. Код: А158,,чорний,170,1,1 шт
А159,Пестіси (наліпки на груди) чорні. Код: А159,,чорний,60,1,1 пара
А162,Паддл чорно-червоний для BDSM ігор. Код: А162,#5413,чорний,280,2,XOXO
А173,Чоловічий капелюх циліндр високий. Код: А173,#15-230-L,чорний,400,1,1 шт
А174,"Жіноча карнавальна маска ""Леді Х"". Код: А174",#16-372,чорний,120,1,1 шт
А175,"Чоловіча карнавальна маска ""Містер Х"". Код: А175",#13-632,чорний,120,1,1 шт
А176,"Брошка-заколка ""Кармен"" 20 см. Код: А176",#19-874,червоний,300,1,1 шт
А178,Кляп. Код: А178,#5425-1,чорно-червоний,250,1,1 шт
А181,Свічі низкотемпературні. Код: А181,#5510,мікс кольорів,270,1,1 набір
А182,Наручники для рольових ігор. Код: А182,"#5404-1, 5404-2",чорний,220,1,чорні
А189,Чокер на шию. Код: А189,,чорний,300,2,з шипами
А191,Брелок на ключі BDSM лого триксель. Код: А191,,чорний,120,1,1 шт
А192,Шестигранний кубик Пози для дорослих ігор. Код: А192,"#0917, 0918",білий,40,2,білий
А194,Маска кішки на регульованій резинці. Код: А194,#4101,"чорний, бордо",280,2,бордо
А196,BDSM маска на очі. Код: А196,#5401,чорний,100,1,1 шт
А198,Флогер (батіг) для дорослих ігор. Код: А198,#5414,чорно-червоний,250,1,1 шт
А199,БДСМ затискачі для сосків. Код: А199,#5409,чорний,75,1,1 пара
А199,БДСМ затискачі для сосків на ціпку. Код: А199,#5411,чорний,75,1,1 пара
А201,Розкішна жіноча маска Кішка у стразах. Код: А201,,золотий,340,1,золота
А205,Повідець (нашийник) для BDSM ігор. Код: А205,#4103,чорний,170,1,1 шт
А207,BDSM кляп. Код: А207,#5402,чорний,140,1,1 шт
А220,Бондажна стрічка для BDSM ігор. Код: А220,#5407,чорний,150,1,1 шт
Т1,Трусики от комплектов. Код: Т1,,разные,140,15,7020
А177,"Женские новогодние трусики, разные. Код: А177",,разные,130,,1
Т2,"Трусики бикини Coeur Joie, S, M, L. Код: Т2",9986,"черн,бел",160,15,б.XL
Т3,Бесшовные трусики микрофибра с V-образной талией. Код: Т3,РД171,"мол,малин,карамель",120,18,мол.XL
Т6,Набор стрингов из 3 шт.,44757,"серо-розовая клетка, белые, серо-цветастые",50,14,S
Т7,Набор стрингов из 3 шт.,44758,"бирюзово-полосатые, в горошек, однотонные",50,16,S
Т8,"Боксёры мужские GUCCI, L, XL, 2XL. Код: Т8",C-9023 GUCCI,разные,220,23,L
Т9,"Трусики бикини Coeur Joie, S, M, L. Код: Т9",2069,бордо,160,18,бор.S
Т10,"Трусики бикини Coeur Joie, S, M, L. Код: Т10",1907,"борд,мол,пудра",180,27,бор.S
Т11,"Трусики в стиле Victoria's Secret, M, L, XL. Код: Т11","2082, 1232","чер,бел,марс,молоч",250,14,салат.M
Т16,"Черные трусики ХL, 2XL, 3XL. Код: Т16",#5189,черный,120,13,XL
Т18,"Сексуальные трусики бикини, M, L, XL. Код: Т18",В116,"крас, черн",180,13,к.XL
Т24,"Трусики женские разные цвета, 2XL, 3XL, 4XL. Код: Т24",8817,разные,90,14,син.4XL
Т26,Панталоны женские черные. Код: Т26,230,чорні,95,13,3XL
Т27,"Черные прозрачные стринги, р.42-44. Код: Т27",4630,чорні,95,13,42-44
Т28,"Белые трусики XL, 2XL, 3XL. Код: Т28",66075,білі,95,13,3XL
Т29,Трусики с кружевными вставками 4XL. Код: Т29,63990,білі,75,13,4XL
Т30,Боди со стрингами с коррекцией. Код: Т30,Ф100,"беж, черн",280,15,ч.M
Т31,"Высокие бежевые трусики с утяжкой, M, L, XL. Код: Т31",014,бежевый,110,13,M
Т32,"Cтринги-утяжка высокие, L, XL, 2XL. Код: Т32",У112,"беж,черн",180,13,б.2XL
Т33,"Белые стринги Annajolly, S, M, L, XL. Код: Т33",60906,белые,160,13,M
Т34,"Белые бразильяны Annajolly, S, M, L. Код: Т34",8772,білі,120,13,S
Т35,"Трусики-утяжки высокие, два цвета. Код: Т35",У366,"беж,черн",280,15,ч.XL
Т36,"Белые трусики с кружевными вставками 6XL, 7XL. Код: Т36",63850,білі,80,13,6XL
Т38,"Черные трусики утяжка, размер free (46-50). Код: Т38",3308,разные,120,14,free
Т39,"Мужские новогодние трусы, XL, 2XL, 3XL, 4XL. Код: Т39",YA3903 0110,разные,110,13,XL
Т40,"Трусы боксеры Under Armour, XL, 2XL. Код: Т40",119,"син,чер,сер",95,13,XL
Т43,Мужские семейные трусы больших размеров. Код: Т43,973,разные,90,13,5XL
Т46,"Мужские трусы плавки, один размер. Код: Т46",GT M4,разные цвета,50,15,S
Т47,"Черные кружевные стринги в стиле VS, M, L, XL. Код: Т47",1235,разные,250,24,кр.XL
Т48,"Черные прозрачные трусики стринг, р.44-46. Код: Т48",897,черный,125,13,44-46
Т51,"Трусики стринги, размеры S, M, L",Tant 07,разные цвета,30,17,S
Т53,"Трусики, ХL, 2ХL, 3ХL, 4ХL. Код: Т53",813-1,микс,90,12,
Т54,"Трусики женские, 3XL, 4XL, 5XL. Код: Т54",6901,микс,105,14,сир.3XL
Т57,"Трусики, размер 44-46 (M)",GT19SH,белые в малиновую звездочку,35,14,M
Т62,"Боксёры бамбук Секс Камасутра, 3XL, 4XL. Код: Т62",9068,"сер,жел,гол",140,14,г.3XL
Т67,Трусы стринги кружевные,---,"чёрный, белый",30,16,ч M
Т68,Мужские трусы боксёры 6XL. Код: Т68,"#5011, 60195",синие,120,13,6XL
Т69,Трусики эротические с брюликом. Код: Т69,с02,чорний,95,13,free
Т70,Трусы для мальчиков 3-6 лет,7656т,разные цвета,25,13,1
Т71,"Мужские трусы боксеры, L, XL, 2XL, 3XL. Код: Т71",G-3124,разные,120,14,2XL
Т72,Трусики подростковые с леоп.вставкой (42-44),56,разные цвета,20,14,мал.S
Т74,Боксёры для мальчиков 9-14 лет,2782т,"серый, черный, белый",35,13,1
Т75,Трусики бразильяны х/б с V-образной линией талии. Код: Т75,B002_чорний,черный,90,13,L
Т76,"Трусики в стиле VS, 4 расцветки, M, L, XL. Код: Т76",903,"черн,крас,бел,малин",250,14,бел.L
Т77,"Трусики в стиле Victoria's Secret, M, L, XL. Код: Т77","1257, 3477","мол,черн,крас,черн-бел",250,16,ч-б.L
Т80,Белые стринги AnnaJolly ажурные. Код: Т80,7313,"белый,крас",160,18,б.S
Т81,Трусики кружевные спереди х/б,39135,белый (МАЛОМЕРЯТ),50,13,L
Т85,"Трусики-танга в стиле VS, в черном цвете. Код: Т85",909,черн,220,13,чер.M
Т86,Мужские Боксеры стрейчевые бамбук,"INS-254, INS-209","крупная, мелкая клетка",75,13,4XL
Т87,Мужские боксеры стрейчевые (баталы),INS-135,"чёрные, серые, синие",75,13,7XL
Т88,"Трусики, ассорти цветов, 2XL, 3XL, 4XL. Код: Т88",8818,разные,130,13,беж.4XL
Т91,Плавки подростковые х/б (Германия),,"голубой, темно-синий",65,14,L
Т92,Женские трусы с утяжкой живота белые,3XL-4XL,белый,90,13,р.54-56
Т93,"Кружевные женские трусы х/б, р.48-50",,разные цвета,40,17,беж
Т97,"Трусы с утяжкой (Германия), белые, бежевые",р.100,"белый, бежевый",160,14,бел.
Т99,"Ажурные стринги с выбитым узором, р. 85-103 (L-XL)",LV107,белый,25,19,1
Т100,"Ажурные стринги с выбитым узором, р. 85-103 (L-XL)",LV107,бежевый,25,17,1
Т101,"Ажурные стринги ""Тюльпан"" M, L, XL",LV151,белый,25,22,1
Т102,"Женские трусики стринги вязка с узором, р.44-48",LV2233,"черный, бежевый",20,24,чер
Т103,Трусики-бразильяны кружевные черного цвета. Код: Т103,614,черный,80,13,M
Т104,"Мужские боксеры Columbia, 2XL, 3XL. Код: Т104",U78,"сер,бел,гол,син,черн",200,14,3XL
Т105,"Мужские боксеры Diesel, L, XL, 2XL, 3XL. Код: Т105",,"крас,сер,бел,син,черн",200,15,L
Т110,"Боксеры Lacoste, L, XL, 2XL, 3XL. Код: Т110",U7,"зел,черн",200,13,ч. L
Т111,"Трусики-танга, р. 40-42-44 (L-XL)",571-60,черный,25,15,1
Т113,"Трусы х/б (Италия), белые, р.50-52",28118,белый,65,13,XL
Т115,"Трусы ""Однотонные гипюровый кант"" р. 46-50",161с,разные цвета,40,13,роз.3XL
Т116,"Трусики слипы микрофибра, XL, 2XL, 3XL. Код: Т116",А858,разные,150,21,XL
Т117,Трусики бикини в полоску р. 46-48 (2XL),052с,разные цвета,35,20,фиол
Т119,Модные трусики с тонкой боковой резинкой. Код: Т119,CHLX 111,разные цвета,160,13,крас.XL
Т120,Шикарные ажурные трусики. Код: Т120,2203,"чер,бел,крас,молоч,фуксия",180,30,ф.S
Т121,"Трусики х/б с гипюром разных цветов, р.46-50 (XL-2XL)",5801,разные цвета,45,14,мал .2XL
Т123,"Хлопковые трусики ""Гипюровая полоса"" р. XL-2XL",058с,разные цвета,40,14,желт.XL
Т126,Сексуальные трусики с открытым доступом. Код: Т126,,черный,240,13,S-XL
Т128,Трусики с открытым доступом. Код: Т128,,черный,240,13,S-XL
Т129,"Трусики слипы PINK, M, L. Код: Т129",1202,"черн,розов",180,13,ч.L
Т133,Черные трусики стринги Coeur Joie. Код: Т133,1891,"черн,беж",180,17,беж.M
Т135,"Молочные трусики стринги, L, XL, 2XL. Код: Т135",9767,молочный,180,13,м.L
Т136,"Атласные бразилианы, все цвета, L, XL, 2XL. Код: Т136",919,разные цвета,100,14,L
Т137,Женские хлопковые трусы-слип 46-50 (218),054с,разные цвета,40,13,малин
Т138,"Трусики бикини, три цвета. Код: Т138",1873,"пуд,мол",180,15,м.L
Т139,"Гладкие трусики бикини, S, M, L, XL. Код: Т139",9606,"чер,бел,лео",180,26,б.S
Т140,Трусики 40-50 (0542),167с,разные цвета,40,14,бел.М
Т142,"Три цвета, трусики бикини, S, M, L, XL. Код: Т142",1923,"беж,мол,пуд,чер",180,18,беж.L
Т143,"Красивые трусики, два цвета, M, L, XL, 2XL. Код: Т143",1969,"бел, пудра",180,23,бел.L
Т144,"Трусики бразильяны, два цвета, L, XL, 2XL. Код: Т144",9908,"бел,чер",170,13,б.M
Т148,"Красные трусики стринг эротические, р.42-44. Код: Т148",826т,красный,120,13,42-44
Т150,"Черные трусики бикини, S, M, L, XL. Код: Т150",2273,"мол,чер,пуд,крас",195,23,ч.S
Т151,Гипюровые трусы шорты,006т,разные цвета,38,13,фиол.M
Т152,"Черные трусики бикини, S, M, L, XL. Код: Т152",2280,"чер, крас, бел",180,16,ч.S
Т154,"Трусы стринги ""Пятнистые"" р. 46-50",037т,разные цвета,40,18,беж.XL
Т155,"Трусики бикини, три цвета. Код: Т155",2219,"крас, бел",180,19,б.S
Т156,Черные трусики бикини. Код: Т156,2267,"черн,моло,бел",180,21,м.M
Т157,"Трусики стринги, два цвета. Код: Т157",2269,"черн,бел",180,13,б.S
Т158,"Трусики стринги, два цвета. Код: Т158",2288,"черн,моло",180,13,м.XL
Т159,Мужские трусы плавки 46-50,B109,"голубой, черный, синий",50,13,гол XL
Т160,"Трусики стринги, три цвета, S, M, L, XL. Код: Т160",60591,"бел,моло,кофей",180,15,б.M
Т163,"Трусики стринги, два цвета. Код: Т163",2301,"черн,моло",180,14,м.L
Т164,"Трусики американки на регуляторах, два цвета. Код: Т164",К7,"черн,бел",150,14,б.M
Т168,"Трусики стринги с кружевом XL, разные цвета. Код: Т168",63167,"чёрный, белый, бежевый",60,13,беж.XL
Т170,Мужские плавки INDENA. Код: Т170,20343,белый,140,17,2XL
Т171,Подростковые плавки INDENA. Код: Т171,40500,"серый, черный",65,22,7-9
Т172,Мальчуковые плавки IN.INCONT. Код: Т172,2020,"серый, черный, синий",60,23,XS
Т179,"Бесшовные трусики слипы, S, M, L. Код: Т179",9485,"бел,чер,беж,роз",100,14,роз.M
Т180,"Бесшовные трусики американки, M, L, XL. Код: Т180",9486,"бел,чер,беж,роз",100,14,бел.XL
Т181,Хлопковые трусики на детей 2-3 лет. Код: Т181,40091,белый,35,19,1
Т222,"Кружевные женские трусики, 44, 46, 48. Код: Т222",6025,"чер-беж,бел",120,20,ч-б.L
Т223,"Черные боксёры Calvin Klein яркая резинка, L, XL, 2XL, 3XL. Код: Т223",Хлопок,разные,230,13,L
Т223,Черные боксёры Calvin Klein 3XL. Код: Т223,Хлопок,разные,230,14,3XL
Т237,Бесшовные трусики джинсовый принт. Код: Т:237,,разные,85,13,крас
Т238,"Неоновые трусики-американки с гипюром, р.L. Код: Т238",63163-1,разные,65,13,1
Т253,"Женские стринги Calvin Klein, L с красной резинкой. Код: Т253",,разные,160,18,т-син
Т263,"Трусики Coeur Joie, три цвета. Код: Т263",2207,"мол,беж,слив",160,13,м.L
Т264,Черные трусики бикини Coeur Joie. Код: Т264,2126,"черн,бел",180,15,ч.M
Т270,"Трусики стринги ""Огородик"". Код: Т270",033т,разные,38,13,жел
Т271,Бесшовные стринги с проклеенными швами на тонких резинках. Код: Т271,РД241_чорний,черный,120,13,L
Т272,"Бесшовные трусики-бразильяны, кофейные. Код: Т272",9916,кофейный,120,14,L
Т273,Бесшовные бразильяны с V-образным вырезом. Код: Т273,028,молоч (беж),120,24,S
Т280s,"Спортивные стринги 42-44, 46-48. Код: Т280s",0622,разные,75,14,XL
Т281,"Хлопковые трусики бразильяны, S-M, L-XL. Код: Т281",Т127,разные,95,14,роз.S-M
Т282,"Бежевые трусики бразильяны, M, L, XL. Код: Т282",515,бежевый,120,13,L
Т283,"Детские трусики ""Покемоны"". Код: Т283",1042 XL,разные,30,15,1
Т285,"Детские трусики-шорты ""Белоснежка"". Код: Т285",0652,разные,30,16,1
Т286,"Трусики-шортики ""Даша"". Код: Т286",0650,разные,30,14,1
Т289,Трусики коттоновые с кружевом сверху. Код: Т289,580,разные,65,13,1
Т290,"Бесшовные трусики стринги, L, XL, 2XL. Код: Т290",664,"пудр,розов,красн,черн,беж,сирень,зелен",120,15,пуд.2XL
Т291,"Хлопковые трусики, 2XL, 3XL, 4XL (50, 52, 54). Код: Т291",9463,"бел,беж,сирен,чер,сер,бор,зел,син",120,13,сир.3XL
Т292,"Коттоновые трусики стринги, S, M, L. Код: Т292",6267,"пудр,борд",120,23,пуд.S
Т292,"Коттоновые трусики стринги, S, M, L. Код: Т292",6267,"бел, черн",120,13,бел.S
Т303,Молодежные трусики. Код: Т303,040,"черн, бел",120,13,б.XL
Т304,"Трусики стринги с высокой талией, M. Код: Т304",597,разные,100,15,красн
Т305,"Черные трусики из хлопка, M, L, XL, 2XL. Код: Т305",C001,черный,95,16,M
Т309,"Трусики эротические, M. Код: Т309",#0501,"черн, красн",85,13,крас
Т310,"Трусики Anttifu, все расцветки. Код: Т310",8856,разные,130,15,бор.XL
Т327,"Трусики-шорты кружевные х/б, 48-50. Код: Т327",G917,разные,80,13,1
Т330,"Трусики х/б бразильяна, L. Код: Т330",336,разные,85,13,син
Т333,"Трусики бикини, три цвета. Код: Т333",9827,"кра,шам,чер",160,14,кра.XL
Т334,"Хлопковые трусики стринги с кружевом, р.46, 48, 50. Код: Т334",5108,разные,85,16,1
Т341,Трусики. Код: Т341,#6811,разные,95,22,1
Т353,Трусики утягивающая сетка. Код: Т353,026,"беж, бел",170,13,беж.XL
Т358,"Трусики бразильяны, р. М. Код: Т358","300160, 300-179",разные,85,15,M
Т363,Трусики. Код: Т363,7702,разные,85,14,1
Т365,"Три цвета, трусики стринги, S, M, L, XL. Код: Т365",1911,"бел,слива",160,14,б.M
Т366,"Трусики бикини черные, S, M, L. Код: Т366",2027,черный,140,13,ч.S
Т367,"Кружевные трусики бразильяны, M. Код: Т367",4376,разные,85,13,M
Т369,"Бесшовные трусики бразильяны, M. Код: Т369",0339,разные,100,18,бел
Т370,"Черные трусики танга кружевная попа, M, L. Код: Т370",4902,черный,85,15,ч.М
Т376,"Cтринги с камушком, два цвета, M, L, XL. Код: Т376",1898,"черн, крас",160,15,ч.L
Т381,"Трусики хлопок, 3XL, 4XL, 5XL. Код: Т381",919,разные,90,16,1
Т382,"Трусики хлопок, 2XL, 3XL, 4XL. Код: Т382",336,разные,90,15,1
Т383,"Трусики, S, M, L. Код: Т383",6703,разные,80,13,1
Т385,"Кружевные стринги, три цвета, S, M, L. Код: Т385",1909,"крас,зел,бел",140,16,к.L
Т386,"Трусики бикини,р. 44-48. Код: Т386",1902,"кра,бел,чер, пудра",180,21,к.S
Т387,"Трусики бикини, р. 44-48. Код: Т387",1889,"чер,молоч,бор,крас,белый, шампань",180,24,ч.S
Т390,"Трусики слипы хлопок, XL, 2XL, 3XL. Код: Т390",7680,разные,80,15,1
Т391,"Реплика стринги Calvin Klein хлопок: S, M. Код: Т391",660,черные,170,13,S
Т394,"Трусики бикини два цвета, S, M, L. Код: Т394",2003,крас,160,13,к.М
Т395,Сексуальные трусики бразильяны. Код: Т395,2019,"красн,бордо",140,14,б.L
Т397,Коттоновые трусики слипы. Код: Т397,202,разные,50,14,1
Т398,"Трусики, р.54, 56, 58 (2XL, 3XL, 4XL). Код: Т398",А648,разные,160,19,кр.3XL
Т399,"Трусики, р. 52, 54, 56 (4XL, 5XL, 6XL). Код: Т399",3056,разные,160,27,ч.5XL
Т401,"Трусики, р. 44, 46, 48 (L, XL, 2XL). Код: Т401",5168,разные,120,20,син.L
Т402,"Трусики, р.L, XL, 2XL. Код: Т402",6352,разные,120,17,ч.L
Т403,"Молочные трусики бикини, S, M, L, XL. Код: Т403",2262,молочный,180,16,м.M
Т404,Трусики бикини Annajolly цвета шампань. Код: Т404,60136,молочный,180,13,м.L
Т405,"Трусики бикини Annajolly, три цвета. Код: Т405",73046,"крас,мол,пудра",180,13,п.XL
Т406,Белые трусики бикини Annajolly. Код: Т406,60561,белый,180,16,б.M
Т407,Красные трусики бикини Annajolly. Код: Т407,60811,красный,180,15,к.M
Т408,Трусики бикини Annajolly черного цвета. Код: Т408,73160,черный,180,14,ч.M
Т409,"Трусики бикини 3XL, 4XL, 5XL, разные цвета. Код: Т409",9186,разные,180,14,4XL
Т410,"Трусики бикини 46, 48, 50, разные цвета. Код: Т410",9081,разные,180,13,46
Т411,"Трусики бикини S-M, L-XL, разные цвета. Код: Т411",80044,разные,130,13,L-XL фио
Т412,"Трусики микрофибра M, L, XL, разные цвета. Код: Т412",80238,разные,120,17,M
Т413,"Трусики хлопок M, L, XL, разные цвета. Код: Т413",9144,разные,120,14,L
Т414,"Черные трусики микрофибра, р. M. Код: Т414",6174,черный,150,13,M
Т415,"Трусики хлопок два цвета, р. M. Код: Т415",6107,"молоч,черн",120,16,м.M
Т416,Мужские трусы Calvin Klein резинка люрекс 3XL. Код: Т416,9011,разные,220,13,3XL
Т417,Мужские трусы Calvin Klein черная резинка 2XL. Код: Т417,9047,разные,220,27,2XL
Т418,Мужские трусы Tommy Hilfiger 3XL. Код: Т418,9051,разные,220,13,3XL
Т419,"Мужские трусы Kenzo L, XL, 2XL. Код: Т419",7008,разные,220,18,L
Т421,"Кружевные трусики, M, L, XL. Код: Т421",Q8353,"чер,мол,беж,крас",120,13,беж.XL
Т422,"Трусики из хлопка, S/M, L/XL. Код: Т422",1816а,"чер,бел,беж,роз",100,14,1
Т423,"Трусики в широкий рубчик, S, M, L. Код: Т423",4047,разные,70,14,M
Т425,"Леопардовые стринги 2-х расцветок, L, XL . Код: Т425",8897с,леопард,120,17,с-л.L
Т426,"Мужские трусы семейные, L, XL, 2XL. Код: Т426",7651,разные,120,27,L
Т427,Черные стринги в сетку. Код: Т427,889а,черные,150,20,1
Т428,"Стринги 2XL, 3XL, 4XL. Код: Т428",803,разные,180,29,1
Т429,"Трусики с высокой посадкой 3XL, 4XL. Код: Т429",3932а,разные,150,21,1
Т430,"Трусики стринги 2XL, 3XL, 4XL. Код: Т430",8013а,разные,150,18,мол
Т431,"Красные трусики с открытым доступом, р.46-48. Код: Т431",1000,красн,210,13,1
Т432,"Полупрозрачные стринги, р.42-46. Код: Т432",035а,разные,150,14,1
Т433,"Трусики с доступом, черные и красные, S-M. Код: Т433",1421,"черн,красн",200,16,чер
Т434,"Красные стринги, M, L, XL, 2XL. Код: Т434",247,красн,180,16,L
Т435,"Трусики бикини с бантиком, два цвета. Код: Т435",1927,"черн,крас",180,31,кр.M
Т436,"Белые трусики бикини, S, M, L, XL. Код: Т436",2372,белый,180,16,б.S
Т437,"Х/б боксерки удлиненные, S, M, L, XL, 2XL. Код: Т437",Т802,черный,180,17,ч.S
Т438,"Мужские черные х/б боксерки, S, M, L, XL. Код: Т438",Т801,черный,160,16,ч.S
Т439,"Х/б боксерки однотонные, 4XL, 5XL. Код: Т439",8866,разные,150,24,4XL
Т440,"Х/б боксеры в полоску, 6XL. Код: Т440",8065,разные,150,17,6XL
Т441,"Мужские трусы боксеры со светлой резинкой, 4XL. Код: Т441",9082,разные,150,16,4XL
Т442,Трусики бразильяны в 3-х расцветках. Код: Т442,2398,"красный, черный, леопард, белый, бежевый, бел-беж",195,48,кр.M
Т443,Трусики бразильяны в 2-х расцветках. Код: Т443,2308,"красный, черный",190,18,кр.M
Т444,"Трусики стринги S-M, L-XL в разных расцветках. Код: Т444",20425,"бордо, зел,черн,бел,сер,бирюз",120,24,бор.S-M
Т445,Трусики бразильяны в 2-х расцветках. Код: Т445,2167,"красный, черный",190,19,к.S
Т446,Трусики слипы в 2-х расцветках. Код: Т446,2399,"капучино, белый",195,24,ка.M
YT1,"Комплект Your Touch ""Madonna"" в чашці 80В, трусики-хіпстери M. Код: YT1",#MD-6000,чорно-синій,850,1,80В
А95,Модный комплект с пуш-ап чашкой B80. Код: А95,,бірюзовый,300,1,80B
С8,"Комплект без косточки чашка В, три цвета. Код: С8",#6036,зелений,550,1,85В
С11,Литой комплект Victoria's Secret в чашках В и С. Код: С11,#8127-1,бузковий,799,1,75С
С17,Черный ажурный комплект в чашке D. Код: С17,#7244,чорний,680,2,95D
С24,"Комплект с пуш-апом, чашка С. Код: С24",#К8270,малиновий,260,2,75C
С30,"Комплект белья Weiyesi, чашка B. Код: С30",#9414В,малиновий мікс,200,2,80B
С43,"Черный сексуальный комплект, размеры S, L. Код: С43",#510,чорний,699,1,L
С48,Синий комплект чашка С. Код: С48,#2118,синій,580,1,75С
С50,Синий комплект Calvin Klein черная резинка. Код: С50,#660,синій,620,3,M
С55,Комплект реплика Victoria's Secret. Код: С55,#8030,"капучіно, червоний",900,2,85В капучіно
С55,Комплект реплика Victoria's Secret. Код: С55,#8030,"жовтий, марсал",900,2,75С жовтий
С60,"Нарядный комплект в чашке C, разные цвета. Код: С60",#5967,чорний,480,1,75С
С63,"Гладкий комплект без косточек, разные цвета. Код: С63",#2160,білий,650,1,85В
С77,"Комплект Victoria's Secret чашка В, два цвета. Код: С77",#325,червоний,1250,1,80В
С84,Комплект нижнего белья чашка В. Код: С84,#5423,чорний,480,1,85В
С91,Малиновый кружевной комплект белья. Код: С91,#1826,малиновый,440,3,S(75)
С94,Комплект нижнего белья. Код: С94,#1819,марсал,400,2,L(85)
С96,Комплект нижнего белья. Код: С96,#1805,марсал,380,3,M(80)
С99,"Прозрачный боди с перьями, два цвета. Код: С99",#CH1600,"чорний, червоний",420,2,L(80) чорний
С100,Комплект цвета бордо чашка С. Код: С100,#2091,бордо,450,1,85С
С102,Гладкий комплект Victoria's Secret чашка С. Код: С102,#8057,червоний,1250,1,75С
С115,Кожаный пуш-ап комплект в чашке С. Код: С115,#8189,червоний,850,2,75С
С116,Кожаный пуш-ап комплект со стрепами чашка В. Код: С116,#8186,червоний,850,4,80В
С131,"Эротический комплект цвета бордо, чашка В. Код: С131",#39013,бордо,1550,1,85B
С134,Комплект с вышивкой чашка С. Код: С134,#8455-5,рожевий,450,1,80С
С139,"Пуш-ап комплект чашка В, цвет хаки. Код: С139",#2180,оливковий,550,2,75В
С141,"Комплект пушап чашка В, два цвета. Код: С141",#8134,чорно-бежевий,540,5,80В
С144,"Комплект большой пушап чашка В, черный. Код: С144",#774,чорний,480,2,75В
С146,Комплект с кружевными бретелями. Код: С146,#772,"сіро-синій, чорний",480,2,85В сіро-синій
С147,Бюстгальтеры балконет в пуш-ап чашке С. Код: С147,#1626,червоний,460,2,80С
С149,"Комплект чашка С, два цвета. Код: С149",#7124,білий,520,3,80С
С152,"Пуш-ап комплект с литым бюстом, два цвета. Код: С152","#8330, 8230","молочний, зелений",430,7,75В молочний
С156,Комплект в чашке В. Код: С156,#8429,жовтий,430,1,75С
С158,Черный комплект чашка В. Код: С158,#7004,чорний,480,1,80В
С169,Комплект белья в пуш-ап чашке В. Код: С169,#739,пудра,430,1,85B
С175,Молочный комплект чашка С. Код: С175,#7128,молочний,550,1,75С
С177,Красивый черный комплект чашка D. Код: С177,#8212,чорний,580,5,80D
С179,Комплект со стрингами чашка В. Код: С179,#6037,зелений,550,1,85В
С181,Кружевной комплект цвета бордо. Код: С181,#1842,бордо,450,1,XL
С183,Белый комплект без косточки чашка В. Код: С183,#8343,пудра,520,1,85B
С185,Кружевной комплект Кривой Рог. Код: С185,#1845,бордо,440,1,XL
С189,Соблазнительный комплект белья. Код: С189,#1832-1,молочний,460,2,L
С190,Невероятно красивый комплект пуш-ап чашка В. Код: С190,#8268,"чорний, червоний, синьо-рожевий",630,4,85B чорний
С190,Невероятно красивый комплект пуш-ап чашка В. Код: С190,#8268,"чорно-бежевий, молочний, пудра",630,6,85B чорно-бежевий
С198,"Комплект в рубчик со съемным поролоном, на чашку С. Код: С198",#8841,пудра,400,1,пудра
С199,Красивый комплект чашка 80B. Код: С199,#8429,жовтий,465,1,80B
С203,Белый комплект чашка С. Код: С203,#8135,чорно-бежевий,550,1,75C
С205,Комплект коттон тройка Victoria's Secret. Код: С205,,червоний,580,1,S
С209,Нарядный комплект в чашке D. Код: С209,#6026,оливковий,630,1,80D
С212,"Комплект с литой чашечкой, и корректором. Код: С212",#1970,чорний,540,4,80B
С216,Комплект без косточки с пуш-ап. Код: С216,#8514,карамель,450,1,85В карамель
С221,"Комплект в рубчик с кружевом, М, L, XL. Код: С221",#Ф098,пудра,390,1,L
С222,"Сексуальный комплект тройка, два цвета. Код: С222",#22/54,різні кольори,699,4,рожевий
С223,Комплект с бюстье-балконет корсетного типа. Код: С223,#1874В,сіро-синій,470,1,80В сіро-синій
С228,"Комплект пуш-ап чашка В, разные цвета. Код: С228",#751,пудра,445,1,85В
С236,Комплект с корректором чашка С. Код: С236,#952,чорно-бежевий,450,1,75С
С246,Белый комплект: бралетт и трусики. Код: С246,#8075,білий,490,1,XL
С257,Супер сексуальный кружевной комплект. Код: С257,"#9359,22/26",молочний,890,3,молочний
С261,"Комплект тонкий пуш, чашка С. Код: С261",#5847,чорний,520,3,75С
С263,Комплект c гель пуш-ап чашка В. Код: С263,#1010,чорний,485,1,85B
С265,"Комплект без косточки, чашка B. Код: С265",#2047,"коричневий, червоний",445,3,75B коричневий
С266,Женский комплект чашка С. Код: С266,#809,"червоний, пудра",560,2,80С червоний
С273,"Комплект в рубчик в 2-х цветах, размеры M и L. Код: С273",#K217,сірий,390,1,L сірий
С292,Комплект белья в чашке Е. Код: С292,#18002,бежевий,600,2,100E
С303,"Черный комплект на пушапе, чашка В. Код: С303",#9824,чорний,560,1,85В
С303,"Молочный комплект на пушапе, чашка В. Код: С303",#9823,молочний,560,1,80В
С305,"Комплект пушап чашка В, два цвета. Код: С305",#CNH8003FLB,"молочний, чорно-бежевий",720,3,80В молочний
С308,"Шикарный комплект с поясом для чулок, S, M, L. Код: С308",#2045,чорний,670,1,L
С316,"Эротический комплект тройка, M, L, XL. Код: С316",#1116,чорно-білий,980,2,L
С320,Черно-бежевый комплект чашка С. Код: С320,#6025,чорно-бежевий,520,2,75С
С324,Эротический комплект-тройка. Код: С324,#CNM622FL,червоний,880,1,L
С326,Сексуальный комплект белья в сетку. Код: С326,#CNM619FL,чорний,980,1,L
С353,Бежево-черный эротический комплект белья. Код: С353,#К3401,"чорно-бежевий, червоно-бежевий",980,2,L чорно-бежевий
С356,"Черный сексуальный комплект белья, S, L. Код: С356",#CNM605FL,чорний,700,1,S
С360,Красивый комплект в чашке В цвета пудра. Код: С360,#11002,пудра,540,1,75B
С362,"Еротичний комплект білизни, M, L, XL. Код: С362",#К3355,"чорний, червоний",880,2,XL чорний
С363,"Эротический боди, M, L, XL. Код: С363",#К3244,чорний з помаранчевим,880,1,XL
С364,"Черный эротический комплект, M, L, XL. Код: С364",#К3303,"чорний, рожевий, бордо",880,3,XL чорний
С368,"Молодежный комплект пушап чашка В, два цвета. Код: С368",#320,"фуксія, червоний",640,5,75В фуксія
С378,"Комплект, с трусиками бразильяна в 2х цветах. Код: С378",#CNK9909FL,"чорний, червоний",820,4,M чорний
С381,Белый комплект-спейсер в чашке D. Код: С381,"#8175, 8175-1",синій,700,1,75D
С383,Комплект в рубчик со вшитым поролоном на чашку A-B. Код: С383,#BSB0-720DN,пудра,400,2,M
С384,Три расцветки. Комплект в чашке С. Код: С384,#2343,"чорний, чорно-бежевий, бежевий",600,10,80С чорний
С386,Черно-бежевый комплект без косточек в чашке В. Код: С386,#494,чорно-бежевий,450,1,75В
С392,Ажурный белый комплект чашка Д. Код: С392,#8107,білий,580,1,100D (брак)
С393,"Сексуальный комплект цвета фукция, M. Код: С393",#CNY111-0FL,фуксія,880,1,M
С397,"Красивый красный комплект, 75B, 75С. Код: С397",#001,червоний,720,1,75C
С398,"Нарядный комплект в 2х цветах, 75D, 85D. Код: С398",#5302,червоний,650,3,75C
С399,"Комплект чашка В, два цвета. Код: С399",#6833,"чорно-бежевий, молочний",530,2,80B чорно-бежевий
С400,"Комплект чашка С, черного цвета. Код: С400",#6828,чорний,580,5,75C
С402,"Красный эротический комплект, S, M, L. Код: С402",,червоний,980,1,M
С406,Черный комплект чашка В без поролона. Код: С406,#2372,чорний,630,2,75B
С410,"Стильный комплект в рубчик, р.48 на чашку С. Код: С410",#806,різні,400,1,оливковий
С417,"Эротический комплект из прозрачной сетки, S, M. Код: С417",#Z3341,чорний,700,3,S
С421,"Прелестный комплект на чашку D, два цвета. Код: С421",#2359,"синій, білий",600,7,80D синій
С422,Комплект в рубчик с несъемным поролоном. Код: С422,#8859,різні,400,2,білий
С423,Топ-комплект в микрорубчик со съемным поролоном. Код: С423,#3335,білий,400,1,білий
С425,"Комплект без поролона на чашку С, в 2-х расцветках. Код: С425",#388,бордо,720,2,80С бордо
С426,"Пушап комплект на чашку В, в 2-х цветах. Код: С426",#7388,"білий, чорний",540,3,80B білий
С428,"Комплект без поролона на чашку D, в 3-х расцветках. Код: С428",#106,"червоний, білий, чорний",620,8,85D червоний
С429,"Эротический комплект белья в сеточку, S, L. Код: С429",#942,чорний,750,1,L чорний
С430,Роскошный эротический комплект в 2х расцветках. Код: С430,#580,"чорний, червоний",980,2,M чорний
КУ20,Пляжные плавки с небольшой драпировкой сзади. Код: КУ20,#3102,чорний,250,1,40
КУ21,"Пляжные трусики чаечки черные, р. 36, 38, 40, 42, 44. Код: КУ21",#555,чорний,250,4,36
КУ23,"Купальник ""Загадочная мисс"", красный, S-XL. Код: КУ23",#208,червоний,650,2,S
КУ24,"Черные пляжные трусики американки, 36, 38, 40, 42, 44. Код: КУ24",#13-172,чорний,250,1,44
КУ25,"Купальник с корректором ""Манго-микс"", М, XL. Код: КУ25",#9717,рожевий,550,1,M
КУ27,"Купальник раздельный с пушап, два цвета. Код: КУ27",#13-142,салатовий,820,2,38
КУ28,"Купальник с корректором ""Цветочки"", S, М, XL. Код: КУ28",#322,мікс кольорів,440,2,S
КУ29,Желто-синий купальник с push-up. Код: КУ29,#9908,жовто-синій,480,1,38(XL)
КУ35,"Оранжевый купальник молодежный, р.36, 38, 40, 42. Код: КУ35",#13-70,помаранчевий,840,1,36
КУ42,"Мужские пляжные боксеры, р. 48, 50, 52, 54, 56. Код: КУ42",#14-149,мікс синіх кольорів,320,1,M-L
КУ43,"Оранжевый женский купальник, 36, 38, 40, 42, 44. Код: КУ43",#22710,помаранчевий,700,4,36(S)
КУ44,Женские пляжные трусики чаечки. Код: КУ44,#590,чорний,250,5,38
КУ47,"Купальник в стиле Victoria's Secret, р. 38, 40, 42, 44, 46. Код: КУ47",#68503,чорно-рожевий,550,1,38
КУ54,Женские пляжные стринги на завязках. Код: КУ54,#101,чорний,250,5,40
КУ58,Сплошной молодежный купальник. Код: КУ58,#2001,чорний з малюнком,850,1,L
КУ61,Стильный черный купальник с топом. Код: КУ61,#13-66,чорний,750,1,42
КУ62,"Модный молодежный купальник, два цвета. Код: КУ62",#14-04,жовтий,700,1,42
КУ63,"Красный купальник, р. 42, 44. Код: КУ63",#161-6,червоний,680,1,44
КУ67,Модный купальник с топом. Код: КУ67,#13-53,персиковий,750,3,38
КУ69,Сексуальный яркий купальник S/M. Код: КУ69,#ДМ008,"зелений, червоний",395,2,S/M зелений
КУ70,Молодежный купальник S/M. Код: КУ70,#ДМ058,"жовтий, блакитний",295,2,S/M жовтий
КУ72,Красный бюстик купальника с пуш-ап чашкой 70В. Код: КУ72,#Elif,червоний,650,1,70В
КУ74,Модный пуш-ап купальник со стразами. Код: КУ74,#SGC518KRW,помаранчевий,950,1,42В
КУ75,"Купальник с топом, яркий бирюзовый жатка. Код: КУ75",#86224,бірюзовий,700,1,36
КУ76,Яркий купальник с топиком жатка. Код: КУ76,#212,червоний,700,3,S
КУ78,Синий купальник со стразами LOVE ME. Код: КУ78,#22508,синій,700,1,40
КУ80,"Модные купапальники, три расцветки. Код: КУ80",#19011,"коричневий, малиновий, леопард",450,3,S коричневий
КУ81,Черный молодежный раздельный купальник. Код: КУ81,#13-77,чорний,780,1,46
Д28,Халатик для дома. Код: Д28,#047 черный софт,червоний,540,1,червоний
Д60,"Костюм трехнитка Barbie, S, M. Код: Д60",#8888,"чорний, малиновий",1380,2,S чорний
Д61,Шикарная велюровая пижама VS. Код: Д61,"#9102, 1998",червоний,1720,1,M
Д70,"Пижама Gucci цвета бордо, S, M. Код: Д70","#1101, 5358",бордо,1720,1,S
Д71,Стильная персиковая накидка для дома. Код: Д71,#648,персиковий,390,1,free
Д81,"Сиреневый комплект: футболка и шорты, XL, 2XL, 3XL. Код: Д81",#309 (312),"зелений, синій",660,2,2XL зелений
Д81,"Темно-синий комплект: футболка и шорты, S, M, L. Код: Д81",#308 (311),бузковий,600,1,M бузковий
Д86,"Комплект для дома из 4-х единиц, S, M, L. Код: Д86",#608,бордо,1450,1,бордо.S
Д90,"Синяя мужская махровая пижама, р.56. Код: Д90",#1399,синій,1200,1,56
Д92,"Женский комплект: халатик с пижамой, р.42. Код: Д92",#1604,сіро-рожевий,420,1,42
Д93,"Черный мужской махровый костюм с капюшоном, р.52. Код: Д93",#1881,чорний,1200,1,52
Д96,"Женская коричневая махровая пижама, р.42, 54 (маломерит). Код: Д96",#2103,коричневий,880,2,42
Д97,"Женский черный махровый домашний костюм на молнии, р.46. Код: Д97",#2118,чорний,1300,1,46
Д98,"Женская махровая пижамка ""Леон"" р.42, 54. Код: Д98",#2087,чорно-леопардовий,1100,1,54
Д99,"Махровая пижама с воротником коричневая, р.44, 52. Код: Д99",#2165,коричневий,1100,2,44
Д99,"Махровая пижама с воротником серого цвета, р.48, 60. Код: Д99",#2165,сірий,1150,2,48
Д99,"Махровая пижама с воротником цвета фуксия, р.44. Код: Д99",#2165,фуксія,970,1,44-46
Д100,"Женская махровая пижама с манжетами ""Снежный барс"", р.42, 46, 50. Код: Д100",#2087,біло-сірий,1100,1,42
Д113,"Женский короткий махровый халатик ""Шиншилла"", р.42. Код: Д113",#482,біло-сірий,980,1,42
Д117,"Стильная махровая пижама для дома, р.S. Код: Д117",#810,жовтий,780,1,S
Д120,"Черная пижамка из вискозы, р.М. Код: Д120",#904,чорний,520,1,M
Д125,"Трикотажная пижама из кофты и брюк, р.S. Код: Д125",#590,синя в червоне сердце,740,1,S
Д127,"Велюровый комплект цвета пудра, р.М, L, XL. Код: Д127",#291,пудра,630,1,XL
K119,Пушап велосипедки в рубчик. Код: К119,#0412,пудра,320,3,пудра
K120,Черные лосины пушап в широкий рубчик. Код: К120,#0925,чорний,420,1,1
K122,Черные лосины пушап рубчик. Код: К122,#7112,чорний,420,4,M-L
Д23,Дитячий комплект термобілизни Columbia. Код: Д23,,чорний,800,6,128
Д23,Жіночий комплект термобілизни Columbia. Код: Д23,,чорний,900,2,S
Д23,Жіночий комплект термобілизни Columbia. Код: Д23,,чорний,900,3,L
Д23,Чоловічий комплект термобілизни Columbia. Код: Д23,,чорний,900,2,S
Д23,Чоловічий комплект термобілизни Columbia. Код: Д23,,чорний,900,3,L
Д23,Комплект зимової термобілизни Columbia батал. Код: Д23,,чорний,900,4,3XL
Д50,"Жіноча термобілизна Smartov, розмір S. Код: Д50",,чорний,850,1,S
Д77,Чоловічий комплект термобілизни з додаванням вовни. Код: Д77,#Ч784_темно-сірий,темно-сірий,750,4,L(46)
Д78,Чоловічий комплект термобілизни на мікрофлісі. Код: Д78,#Ч794_світло-сірий,світло-сірий,750,1,2XL(50)
Д79,Жіночий комплект термобілизни з додаванням вовни. Код: Д79,#Ж794_рожевий,"бузковий, рожевий",750,2,L(46) бузковий
Д80,Жіночий комплект термобілизни на мікрофлісі. Код: Д80,#Ж784_фіолетовий,бузковий,750,1,"2XL(50) але штани L, бузковий"
Д129,"Термобілизна тактична Black, розмір XL. Код: Д129",#JA-09-3 Black,чорно-сірий,1100,1,XL
Д129,"Термобілизна тактична кольору олива, розмір L. Код: Д129",#JA-09-3 Green,оливковий,1100,1,L
Д130,"Термобілизна чоловіча зимова, 2XL, 3XL. Код: Д130",#JA-09 Green,оливковий,900,2,2XL
Д131,"Термобілизна чоловіча камуфляж, L, XL. Код: Д131",,камуфляж,900,2,L
Н4,"Носки мужские Житомир сетка Класик, размер 29-31",---,бежевый,15,3,1
Н8,Носки подросток BFL 32-35 размер BFL B253,#08939,черный,15,4,1
Н10,Носки женские ИРА бамбук в полоску 36-41 р.,---,в полоску,15,3,1
Н11,Носки женские Pesail 37-42 р.,---,белые,20,11,1
Н12,Носки подростковые,---,разные цвета,15,6,1
Н15,"Носочки шерстяные с махрой ""Ангора"" 34-38 р.",#Adpec D 103 Z,разные цвета,17,10,1
Н16,"Носочки детские из ангоры с махрой, р.16-20см",#Honest 001 Z,разные цвета,17,7,1
Н17,"Носочки детские махровые, р.17-22 см",#Jujube Y 108A S,разные цвета,20,3,1
Н18,"Носки лайкра Elizabeth 30DEN, Черный (2 пары в упаковке, цена за пару)",#NL30D,чёрный,8,3,1
Н20,"Капроновые носки с узором, р. 38-42 (2 пары в упаковке, цена за пару)",#NK801,чёрн / беж,7,4,ч
Н21,"Капроновые носки Soli 20DEN без лайкры, уплотненный носок и мягкая резинка",#N30,бежевые,7,4,1
Н22,Гольфы Elizabeth 30DEN лайкра,#GL30D,бежевые,12,5,1
Н26,"Детские зимние махровые носки, модные, для девочек",#834 А,разные цвета,23,11,1
Н27,"Детские махровые носочки, ""Котики"" с 3 до 6 лет, р.32-37",#Д 55,разные цвета,23,3,1
Н28,"Махровые женские носочки на зиму ""Бантики"", ""Олени""",#80977,разные цвета,25,8,1
Н29,"Носки короткие стрейчевые, спортивные носки, р.27-29",#Т 021,разные цвета,17,3,1
Н30,"Шикарные женские гольфы, размер 35/40",---,разные цвета,17,6,1
Н31,Качественные гольфы на девочку 5-7 лет,---,разные цвета,17,6,1
Н32,"Яркие женские носки в полоску, (бамбук) размер 37-42",---,разные цвета,17,3,1
Н34,"Махровые носки женские носочки ""Bony""",#листочки,разные цвета,25,6,1
Н36,"Носки мужские ""Носки с чёрные"" классика хлопок",#015н,черные,17,3,1
Н37,"Женские трикотажные носки ""Мода Women"", р.36-42",#полоска,разные цвета,17,3,1
Н38,"Махровые женские носочки ""Олени-ёлки"", р.36-40",,разные цвета,25,8,1
Н39,"Короткие женские носки, р.36-42, разноцвет",#016ж,разные цвета,17,3,1
Н40,"Махровые детские носочки ""Мишутка"", р.16-22, 22-28, 28-34, разноцвет",---,разные цвета,23,10,1
Н41,"Женские носочки ""Натали"", р.37-42, разноцвет",---,разные цвета,18,27,1
Н42,"Белые мужские носки ""Укороченные"" р.27, р.29",---,белый,20,7,27
Н43,"Бежевые мужские носки гладкие ""Классик"" р.29",---,бежевый,20,6,29
Н44,"Тёмно-серые мужские носки ""Классик"" р.27",---,темно-серый,20,5,27
Н45,"Светло-серые мужские носки ""Классик"" р.29",---,серый,20,5,29
Н46,"Чёрные мужские носки гладкие ""Классик"" р.25, 27, 29, 31",---,черный,20,10,25
Н47,"Чёрные мужские махровые носки ""Классик"" р.25, 27, 29, 31",---,черный,25,12,25
Н48,"Чёрные мужские махровые носки ""Элегант"" р.27, 31",---,черный,25,9,27
Н49,"Чёрные мужские носки сетка ""Классик"" р.25, 27, 29",---,черный,20,9,25
Н50,"Серые мужские носки сетка ""Классик"" р.27",---,серый,20,4,27
Н51,"Чёрные мужские носки ""Спорт"" р.25, 29, 31",---,черный,20,5,25
Н52,"Носки ""Трекинговые"" р.25, 29",---,один цвет,58,6,25
Н53,"Черные женские носки укороченные ""Классик"", р.23-25",---,черный,20,5,23-25
Н54,"Носочки женские серии ""Панда"", р.23-25",---,разные цвета,20,3,23-25
K6,"Детские колготки Конте-Кидз: Class, Bravo, Tip-Top. . Код: К6",---,разноцвет,85,5,80-86 гол.
K7,Детские колготки Gatta Happy School,---,черный в звездочку,85,3,116-122
K8,"Колготки Elizabeth 100DEN MICROFIBRE, Черный, р.2, 3, 4, 5",#EL100MF,черный,50,5,4
K11,Колготки 20 den бикини 004EL,#05883,чёрный,29,3,4
K17,"Колготки Elizabeth 40 den BIKINI CHARM, Черный, р.2, 3, 4",#EL40BC,чёрный,35,3,4
K18,Колготки женские теплые 1600 den 2022KOL (прибл. 2-3 размер),#09680,чёрный,100,4,1
K19,"Колготки детские ""Ласточка"". Код: К19",#Nailali T2-1 92-98,разные цвета,65,4,92-98 желт.
K20,"Лосины детские теплые, возраст 3-7 лет",#395,черные в цвет.полоску,30,7,1
K24,"Колготки женские Gabriella Julia 366 (20 den) тёмно-серые, бежевые, р.4",---,,90,4,4
K26,"Колготки женские Gabriella Reni 286, чёрные, р. 1/2",---,,90,3,1/2
K27,"Колготки женские Gabriella Puntina TRE (20 den) тёмно-серые, р. 2",---,,90,3,2
K29,"Колготки женские Gabriella Miss 105 (20 den) белые, р. 2, 3, 4",---,,90,3,2
K31,"Колготки женские Gatta Gabby №6 (20 den) чёрные, р. 3",---,,90,3,3
K35,"Колготки женские Gabriella Bacara 477 (20 den), чёрные, р. 2, 3, 4",---,,90,3,4
K36,"Колготки женские Gatta Nadette №1 (20 den), чёрные, р. 2, 3, 4",---,,90,5,2
K39,"Колготки женские Conte Verticale, черные, р. 4",---,,150,3,4
K41,"Детские колготки Gatta Alice, белые, р. 116-126 (A)",---,,85,3,116-122
K42,"Детские леггинсы Mona Nikola leggins, розовые",---,,70,3,128-134
K44,"Детские колготки Gabriella Melange 751, цвет графит, р.110-122",---,,85,3,110-122 серый
K47,"Гольфы женские Gatta, черные, серые",---,,45,5,1
K48,"Детские колготки Bravo, р. 116-122, 150-152",---,,95,4,150-152
K50,"Леггинсы детские Viva с декором , р.116-122, 128-134",---,,80,3,116-122
K51,"Детские леггинсы Gatta, р.92-98, 128-134, 140-146, 152-158",---,,40,5,92-98 фиол.
K52,"Колготки Elizabeth 40DEN Classic, Черный, р.4, 5, 6",#EL40CL,чёрный,35,4,4
K53,"Колготки Elizabeth 40DEN Classic, Бежевый, р.4, 5, 6",#EL40CL,бежевый,35,5,4
K54,"Колготки Elizabeth 40DEN T-BAND, Черный, р.5 ",#EL40TB,чёрный,35,3,5
K55,"Колготки Elizabeth 40DEN T-BAND, Бежевый, р.2, 3, 4, 5 ",#EL40TB,бежевый,35,8,2
K56,"Колготки Elizabeth 40DEN BIKINI CHARM, Бежевый, р. 2, 3, 4",#EL40BC,бежевый,35,7,3
K57,"Колготки Elizabeth 40DEN HIPSTER WAIST, Бежевый, р.2, 3, 4",#EL40HW,бежевый,35,6,2
K58,"Колготки Руслана 30DEN, Черный, 52-56 размер",#K305,чёрный,23,4,5
K60,"Колготки Elizabeth 80DEN MICROFIBRE, Бежевый, р.4, 5",#EL80MF,бежевый,48,5,5
K61,Гамаши под джинс на меху р.46-50,#A428,джинс,190,3,1
K64,Модные джеггинсы р.46-54,#A421,джинс,170,5,1
K65,"Гамаши под джинс ""Махра со стразами"" р.48-52",#A431-1,джинс,200,4,1
K66,"Крутые гамаши под джинс ""Махра"" р.46-50",#A431,джинс,200,3,1
K67,"Женские гамаши под джинс ""Махра""",#A424,джинс,190,3,1
K71,"Колготки Elizabeth Prestige 40 den Classic, Капучино, р. 3, 4, 5",#00316,капучино,50,3,5
K72,"Колготки Elizabeth Prestige 40 den Classic, Бежевый, р.4",#00316,бежевый,50,3,4
K75,Джеггинсы с карманами. Код: К75.,#SL30964,"синий, черный",370,6,с.M/L
K78,"Брюки женские с карманами. Код: К78. Состав: 85% бамбук, 15% полиамид",#NA467-3,"синий, черный",230,3,S/M ч
K79,Бесшовные джеггинсы больших размеров 50-58,#LG1947,джинс,180,4,1
K80,"Джеггинсы со стразами, р.46-52. Код: К80. Состав: 55% хлопок, 40% полиестер, 5% спандекс",#LG26,джинс,180,5,1
K81,"Бесшовные джеггинсы в горошек с прострочкой, р.46-52. Код: К81",#LG1960,"джинс, синие расцветки",190,3,син
K82,"Бесшовные лосины под джинс со строчкой, р.44-50. Код: К82",#LG909,"синий, черный",190,6,син
K83,"Однотонные бесшовные лосины, широкий пояс, р.46-52. Код: К83",#LG726,"синий, черный",170,4,син
K84,"Женские джинсы 98% коттон, размеры: 40-48",#G302-61159,черный,170,4,36
K85,"Женские чулки ""Für DICH"" (15 den), р. 1/2, 3/4. Код: К85",---,"черный, бежевый",110,5,беж.1/2
K86,"Упаковка (2 пары) шелковистых носков с лайкрой ""Интуиция"" (15 den)",---,бежевый,40,3,1 упак.
K89,Колготки Innamore Cotton 150 den Nero. Код: K89,---,черный,220,3,6
K92,Колготки Интуиция 100 den Nero. Код: K92,---,черный,190,3,3
K93,"Бежевые носочки микрофибра 40 den, 2 пары в коробочке",---,бежевый,65,8,1
K94,"Бежевые носочки ""Браво"" , 2 пары в коробочке",---,бежевый,35,10,1
K95,"Черные носочки 15 den , 2 пары в коробочке",---,черный,40,7,1
K96,Тёплые бесшовные лосины с широким поясом. Код: К96,#В826,черный,150,4,1
K99,Женские джинсы стрейчевые однотонные. Код: К99,#SL3001-2,"черный, синий",330,6,с.M/L
K100,Детские махровые колготки. Код: К100,---,разные,80,9,92-98
YT37,"Красный бюстгальтер triangle ""Base""",#BS-4000,червоний,400,1,70С червоний
Б4,Ажурный бюст Diorella в чашке В. Код: Б4,#32116,чорно-білий,90,2,70В чорно-білий
Б9,Белый бюстгальтер Diorella в чашке С. Код: Б9,#63091,білий,180,1,80С білий
Б17,Бюстгальтер Diorella в чашке 75D. Код: Б17,#33695,чорно-білий,240,9,75D чорно-білий
Б18,Бюстгальтер Diorella в чашке F. Код: Б18,#62324,бежевий,250,4,110F бежевий
Б22,Хлопковый бюстгальтер Angela в чашке D75,#740,"бежевий, білий",400,8,75D бежевий
Б28,"Бюстгальтер Diorella в чашке DD, белый",#7794,білий,210,5,85DD білий
Б32,Бюстик фиолетовый без косточки. Код: Б32,#3320,фіолетовий,200,1,75А фіолетовий
Б34,Бюстгальтер,#63276E,мікс кольорів,240,1,75E
Б40,Черный корсетный бюстгальтер чашка С. Код: Б40,#12762,чорний,350,2,75С чорний
Б44,Бюстгальтер в чашке D цвета шоколад. Код: Б44,#1267,коричневий,420,2,85D коричневий
Б51,Черный бюстгальтер спейсер в чашке D. Код: Б51,#8285,чорний,450,3,80D чорний
Б52,Нарядный бюст пушап чашка В. Код: Б52,#830,мікс кольорів,280,9,85В
Б54,Бюстгальтер,#34256,чорно-білий,200,1,75С чорно-білий
Б58,Бюстгальтер,#31805,чорний,180,6,70С чорний
Б59,Бретельки с камнями,#2026,чорний,25,1,чорні
Б67,"Бюстгальтер с push-up, чашка B, розовый",#29346,рожевий,90,4,75В рожевий
Б68,Бежевый гладкий бюстик с 3D чашками. Код: Б68,#377,бежевий,300,4,80В/С бежевий
Б70,"Бюст плотный поролон чашка В, два цвета. Код: Б70",#8203,червоний,280,1,85В червоний
Б76,Бюстгальтер в чашке D цвет пудра. Код: Б76,#2116,пудра,450,4,100D пудра
Б77,"Бюстгальтер Diorella в чашке C, чёрный",#32348,чорний,190,1,75С чорний
Б78,"Бюстгальтер Diorella в чашке C, белый",#1070,білий,190,1,75С білий
Б79,"Бюстгальтер Diorella в чашке C, бордовый",#1070,бордо,190,6,75С бордо
Б80,"Бюстгальтер Diorella в чашке D, красный",#1070,червоний,300,1,90D червоний
Б81,"Бюстгальтер Diorella в чашке C, чёрно-белый",#32675,чорно-білий,190,8,75С чорно-білий
Б82,"Бюстгальтер Diorella в чашке C, чёрно-золотой",#32181,чорно-бежевий,330,27,75С чорно-бежевий
Б85,"Бюстгальтер Diorella в чашке C, белый",#33696,білий,330,5,80С білий
Б86,"Бюстгальтер Diorella в чашке D, чёрно-белый",#33266,чорно-білий,220,4,75D чорно-білий
Б90,"Бюстгальтер Diorella в чашке С, сиренивый",#34203,бузковий,330,3,75С бузковий
Б96,"Бюстгальтер Diorella в чашке D, голубой",#63998,блакитний,320,3,75D блакитний
Б103,Малиновый лиф со съемным пуш-апом в чашке А,#7120,малиновий,90,8,75A малиновий
Б107,Бежевый бюст мягкая чашка D. Код: Б107,#90553,бежевий,440,12,80D бежевий
Б112,"Бюстгальтер пуш-ап для открытого декольте, чашка В. Код: Б112",#2207,білий,420,7,85В білий
Б116,Бюстик без поролона в чашках С и D. Код: Б116,#2107,чорний,440,7,90С чорний
Б118,"Черные бретели 1,2 см. Код: Б118",#20,чорний,40,2,чорні
Б119,"Бежевые бретели 1,5 см. Код: Б119",#1000ш,бежевий,40,3,бежеві
Б120,Бюстик без поролона чашка В белого цвета. Код: Б120,#15771,білий,370,4,75В білий
Б121,"Бюстгальтер с push-up в чашке B, малиновый",#312,малиновий,90,3,80В малиновий
Б122,Зеленый бюстгальтер с пуш-апом в чашке В,#7497,зелений,90,1,70В зелений
Б123,Зеленый бюстгальтер пуш ап в чашке Б,#328,зелений,90,3,80В зелений
Б131,"Бюстик открытой формы чашка С, черно-беж. Код: Б131",#8276,чорно-бежевий,420,1,80C чорно-бежевий
Б134,Сиреневый бюст Anfen в чашке 75С. Код: Б134,#919,бузковий,280,3,75С бузковий
Б139,Ажурный бюстик пушап чашка B. Код: Б139,#2344,бежевий,420,1,85В бежевий
Б144,Бюстик без поролона чашка Е серого цвета. Код: Б144,#2103,темно-сірий,390,1,100E темно-сірий
Б147,"Розовый бюст с атласной лентой, пуш-ап чашка B",#2827,рожевий,90,2,75В рожевий
Б148,"Бюст с пуш-ап чашкой A, кружево сверху чашки",#3863,малиновий,90,2,75A малиновий
Б150,"Бюстик пушап чашка В, шесть цветов. Код: Б150",#K0488,пудра,370,5,80В пудра
Б152,"Двухцветный бюст анжелика с пушап, на чашку А/В. Код: Б152",#X152,молочно-бежевий,350,2,85B молочно-бежевий
Б153,"Гладкий бюстик чашка E plus, 2 расцветки. Код: Б153",#1997-2,бежевий,440,1,105E бежевий
Б154,"Бюстик на поролоне чашка С, четыре расцветки. Код: Б154",#6067,чорно-бежевий,390,1,85С чорно-бежевий
Б156,"Черный бюстик с дышащими чашечками, на чашку B. Код: Б156",#017,чорний,320,1,85B чорний
Б166,"Бюстгальтер гладкий со стрепами, 3-ка, два цвета. Код: Б166",#2284С,білий,370,1,90C білий
Б170,Ажурный бюстик чашка D в 2х цветах. Код: Б170,#8243,бежевий,430,1,80D бежевий
Б174,Гладкий молочный бюстик на корректоре. Код: Б174,#9709,молочний,370,3,85B молочний
Б183,"Контейнер для стирки бюстгальтеров Bra Baby (Бра Бейби, Бра Беби)",#439,рожевий,110,1,рожевий
Б184,Мешочек чехол контейнер для стирки нижнего белья,,мікс кольорів,100,1,1
Б185,"Бюстик на чашку В с небольшим пушап, два цвета. Код: Б185",#72108,"чорно-бежевий, білий",390,1,80B чорно-бежевий
Б207,Бюстгальтер тонкий поролон 3-ка. Код: Б207,#7777,бежевий,190,1,85С бежевий
Б236,Гладкий бюстик в чашке С. Код: Б236,#8431,бордо,290,3,80С бордо
Б240,"Ажурный бюст с гелевым пушем, чашка С. Код: Б240",#В15,чорний,190,2,85C чорний
Б250,"Гладкий бюстгальтер пуш-ап чашка В, пудра. Код: Б250",#8194,пудра,320,1,80В пудра
Б263,Бюстик тонкий поролон чашка C. Код: Б263,#6025,чорно-бежевий,420,3,75С чорно-бежевий
Б264,"Бюстик тонкий поролон без косточек, чашка В. Код: Б264",#8198,червоний,320,2,85В червоний
Б265,"Бюстик без поролона чашка С, бордо. Код: Б265",#12755-1,бордо,350,3,75C бордо
Б280,"Бежевый бюстгальтер с корректором, чашка В. Код: Б280",#729,бежевий,290,1,85В бежевий
Б286,Бюстик в чашке В гель пушап. Код: Б286,#B900,сливовий,330,6,85B сливовий
Б287,Бюстик пудра большой пуш-ап чашка В. Код: Б287,#5853,"пудра, червоний",320,5,85B пудра
Б288,"Бюстик в форме цветка, чашка С, три цвета. Код: Б288",#8487,"бордо, пудра",320,4,75C бордо
Б289,"Бюстик балконет чашка В, три цвета. Код: Б289",#992,"білий, пудра",380,2,75B білий
Б290,"Белый кружевной бралетт M, L, XL. Код: Б290",#8075,білий,320,3,M білий
Б304,Черный бюстик без поролона на чашку D. Код: Б304,#2193,чорний,370,1,90D чорний
Б316,Бюстгальтер чашка В. Код: Б316,#1747,синій,310,3,80B синій
Б321,Бюстики в чашке А без пуша. Код: Б321,"#6237, 6252",персиковий,210,2,70А персиковий
Б340,"Бралетт цвета бордо на косточке, M, L, XL. Код: Б340",#1767,бордо,350,1,L бордо
Б343,Черный бюстик без поролона на чашку С. Код: Б343,#3-470С,чорний,280,1,80С чорний
Б346,Бюстик на чашку D цвета фуксия. Код: Б346,#6081-1,фуксія,380,1,90D фуксія
Б351,Шикарный бюст на пушап корректоре чашка В. Код: Б351,#18060,червоний,420,1,80B червоний
Б352,"Бюстик в чашке G, два цвета. Код: Б352",#2036,"чорний, темно-сірий",440,4,105G чорний
Б353,Бюстик пушап чашка В в 2х цветах. Код: Б353,#6316,"чорно-бежевий, білий",420,1,80B чорно-бежевий
Б360,Бежевый бюстгальтер чашка D. Код: Б360,#107,бежевий,440,2,85D бежевий
Б361,"Шикарный бюст для пышной груди, чашка D. Код: Б361",#378л,"чорно-бежевий, молочний",450,3,90D чорно-бежевий
Б362,"Бюстгальтер спейсер чашка Е, два цвета. Код: Б362",#8217,"молочний, чорний",460,1,100Е молочний
Б363,"Пушап бюстик-анжелика на чашку, два цвета B. Код: Б363",#8072,"молочний, чорний",380,4,80B молочний
Б365,Черно-леопардовый бюстик на чашку D. Код: Б365,#80002,леопард,580,2,95D леопард
Б369,"Бюстик без поролона в чашках С и D, 3 цвета. Код: Б369",#356,червоний,460,2,75D червоний
Б373,Черно-бежевый пушап бюстик чашка В. Код: Б373,#2362,чорно-бежевий,420,3,75В чорно-бежевий
Б374,Белый бюстик на поролоне чашка С. Код: Б374,#2375,білий,420,1,80С білий
Б375,Белый бюстик на поролоне чашка С. Код: Б375,#7240,білий,420,1,75С білий
Б376,Бежевый гладкий бюстик чашка С. Код: Б376,#7259,бежевий,420,1,90С бежевий
Б379,"Роскошный бюстик чашка В, 4 цвета. Код: Б379",#18803,червоний,420,6,80В червоний
Б384,"Бюстик без косточек чашка В, два цвета. Код: Б384",#2226,"молочний, чорний",380,8,85В молочний
Б385,"Бюстик с пушапом чашка В, два цвета. Код: Б385",#6102,білий,420,5,85В білий
Б387,Белый бюстик чашка В поролон. Код: Б387,#6020,білий,420,2,85В білий
Б388,Белый бюстик чашка С с небольшим корректором. Код: Б388,#2321,білий,420,4,75C білий
Б389,Бюстик в чашці B без поролону. Код: Б389,#2372,"бежевий, молочний,чорний",430,7,85В бежевий
Б389,Бюстик в чашці C без поролону. Код: Б389,#2372-1,"бежевий, молочний,чорний",430,4,90С бежевий
Б389,Бюстик в чашці D без поролону. Код: Б389,#2372-2,бежевий,430,1,80D бежевий